Done,Case_ID,Impact_Level,Category,Scenario_Name,In_Traffic_RPS,In_Traffic_BPS,In_Latency,In_Errors,App_CPU_Sat,App_Mem_Sat,Host_CPU_Sat,Host_Mem_Sat,Out_Traffic_RPS,Out_Traffic_BPS,Out_Latency,Out_Errors,Key_Distinguishing_Signature,Probable_Root_Cause
+,4,Average Impact,Failure,App CPU Limit / Cgroup Throttle,High,High,High,High,High,Normal,Normal,Normal,Low,Low,Low,Low,App CPU saturated while host CPU and memory remain normal,Container cgroup CPU quota reached or thread-pool exhaustion
+,8,Average Impact,Failure,Noisy Neighbor CPU Steal,Normal,Normal,High,High,Normal,Normal,High,Normal,Low,Low,Low,Low,Host CPU high but App CPU normal/low; outbound drops,External rogue process or container on host stealing CPU cores
+,9,Average Impact,Failure,Edge Rejection / Fast Fail,High,Normal,Low,High,Normal,Normal,Normal,Normal,Low,Low,Low,Low,Inbound errors high while inbound latency drops to minimum,Credential stuffing WAF blocking scraper flood 401/403/429
+,12,Average Impact,Failure,Heavy Payload / Slowloris,Low,High,High,High,Normal,High,Normal,High,Low,Low,Low,Low,Inbound BPS high with low RPS and high memory saturation,Multipart file upload storm payload uncompressed JSON Slowloris attack
+,13,Average Impact,Failure,Fast Bypass / Regression Bug,Normal,Normal,Low,Low,Low,Low,Low,Low,Low,Low,Low,Low,Inbound latency drops to zero with 200 OK and zero outbound calls,Auth middleware bypass regression empty body return cached mock leak
+,14,Average Impact,Failure,Egress Bandwidth Flooding,Normal,Normal,Normal,Normal,Normal,Normal,Normal,Normal,Normal,High,Normal,Normal,Outbound BPS spikes while Outbound RPS and saturation remain normal,Unbounded query results large file downloads data exfiltration
+,19,Average Impact,Failure,GC Stop-The-World Freeze,Normal,Normal,High,Normal,High,High,Normal,Normal,Low,Low,Low,Low,App memory pinned at high watermark with CPU spikes from GC threads,Full GC pause memory compaction freeze runtime heap lockup
+,20,Average Impact,Failure,Client Disconnect / Timeout,Normal,Low,High,High,Low,Low,Low,Low,Low,Low,Low,Low,Inbound errors up (499/408) with near-zero downstream impact,Client drops connection prematurely slow mobile networks
+,21,Average Impact,Failure,App Memory Leak / OOM Thrash,Normal,Normal,High,High,Normal,High,Normal,Normal,Low,Low,Low,Low,App memory hits cgroup limit causing kernel page reclamation thrashing,Application heap/buffer leak approaching container limit / OOM-kill
+,23,Average Impact,Failure,Noisy Neighbor Memory Hog,Normal,Normal,High,High,Normal,Normal,Normal,High,Low,Low,Low,Low,Host memory high while App memory is normal; app starved of cache/buffers,Co-located container eating host RAM triggering kernel page scanning
+,26,Average Impact,Failure,Hyper-Aggressive GC / Memory Starvation,Normal,Normal,High,Normal,High,Low,Normal,Normal,Low,Low,Normal,Normal,App memory pinned near 0% while App CPU is pinned at 100%,GOMEMLIMIT/heap target set too low; runtime in continuous GC thrash
+,32,Average Impact,Failure,Client 499 Abort / Orphaned Compute,Normal,Normal,High,High,High,Normal,Normal,Normal,High,High,Normal,Normal,High inbound 499s while outbound traffic continues running normally,Missing context cancellation; backend work proceeds for cancelled client requests
+,33,Average Impact,Failure,Poison Pill / DLQ Redrive Loop,Low,Low,Normal,Normal,High,High,Normal,Normal,High,High,Low,High,Zero inbound traffic with high CPU and surging outbound broker retry errors,Unparseable queue message repeatedly nack-ed and redriven by workers
+,36,Average Impact,Failure,App Metric Collector Outage,Normal,Normal,Normal,Normal,Unknown,Unknown,Normal,Normal,Normal,Normal,Normal,Normal,Traffic flows normally but container cgroup exporter drops out,cgroup fs mount error kubelet stats provider stall or scraper timeout
+,37,Average Impact,Failure,Host Agent Transport Failure,Normal,Normal,Normal,Normal,Normal,Normal,Unknown,Unknown,Normal,Normal,Normal,Normal,Traffic and App metrics healthy but node-level hardware metrics missing,node_exporter daemon down systemd unit crash or host firewall drop
+,18,Average Impact,Operational,Circuit Breaker Fallback,High,Normal,Low,Normal,Normal,Normal,Normal,Normal,Low,Low,Low,Low,Outbound completely stopped but inbound returns fast healthy 200s,Circuit breaker tripped serving degraded local cache or empty response
+,5,Most Impactful,Failure,Host CPU Exhaustion by App,High,High,High,High,High,Normal,High,Normal,Low,Low,Low,Low,Both App and Host CPU pinned near 100% while memory is stable,Inbound compute volume exceeded physical host CPU cores
+,6,Most Impactful,Failure,Downstream / Backend Stall,High,High,High,High,Normal,Normal,Normal,Normal,Low,Low,High,High,Outbound latency/errors surge and backpressure into ingress,Downstream API DB lock contention or remote timeout
+,10,Most Impactful,Failure,Thread Deadlock / Pool Hang,High,Normal,High,Normal,Low,Normal,Normal,Normal,Low,Low,Low,Low,Extreme inbound latency with zero CPU and no 5xx errors,Deadlock mutex starvation connection pool leak uncompleted requests
+,11,Most Impactful,Failure,Retry Amplification Storm,Normal,Normal,High,High,High,Normal,High,Normal,High,High,High,High,OutRPS to InRPS ratio spikes far above historical norm,Cascading client retries or unbounded fan-out loops
+,17,Most Impactful,Failure,Network Partition / TCP Blackhole,Normal,Normal,High,High,Normal,Normal,Normal,Normal,Normal,Normal,High,High,Outbound attempts stay up while outbound timeouts explode,Switch/router failure egress security group drop routing loop
+,22,Most Impactful,Failure,Host Memory Exhaustion / Swap Thrashing,Normal,Normal,High,High,Low,Normal,Low,High,Low,Low,Low,Low,Host memory exhausted causing OS page swapping; CPU drops due to I/O wait,Host swapping pages to disk; disk I/O blocks runloops across containers
+,24,Most Impactful,Failure,App OOM-Kill CrashLoop,Normal,Normal,High,High,Low,Low,Normal,Normal,Low,Low,Low,Low,App memory drops to near 0% after 100% breach; crash loop restarts,Kernel OOM-killer terminated container (SIGKILL); pod restarting
+,25,Most Impactful,Failure,Host Kernel OOM Lockup,Normal,Normal,High,High,High,Normal,High,High,Low,Low,High,High,Host memory pinned at 100%; kswapd pegs Host CPU at 100%; total freeze,Host physical RAM exhausted; kswapd thrashing kernel page alloc locks
+,27,Most Impactful,Failure,Zombie Worker / Cold Init Deadlock,Normal,Normal,Low,High,Low,Low,Normal,Normal,Low,Low,Low,Low,App memory flat near 0% with 0% CPU; incoming requests fail instantly (502),Process deadlocked in pre-main init phase; runtime heap unallocated
+,28,Most Impactful,Failure,Host OOM-Killer Cascading Storm,Normal,Normal,High,High,Low,Normal,High,High,Low,Low,Low,Low,Host memory at 100% with random service restarts and network drops,Linux OOM-killer killing random background processes and sidecars
+,29,Most Impactful,Failure,FD / Ephemeral Port Exhaustion,Normal,Normal,Low,High,Normal,Normal,Normal,Normal,Low,Low,Low,High,Fast failure on inbound/outbound connection creation with normal CPU/memory,EMFILE or EADDRNOTAVAIL socket leak connection pool exhausting ulimit
+,30,Most Impactful,Failure,DNS Resolution Outage,Normal,Normal,High,High,Low,Normal,Low,Normal,Low,Low,Low,High,Outbound traffic drops with fast DNS resolution failures; ingress times out,CoreDNS outage VPC resolver throttle corrupted resolv.conf
+,31,Most Impactful,Failure,Cloud Hypervisor Steal / Throttling,Normal,Normal,High,High,Low,Normal,Low,Normal,Low,Low,Low,Low,Latency surges despite zero App/Host CPU usage; hypervisor steal time pinned,AWS burst credit balance exhaustion or noisy hypervisor neighbor
+,35,Most Impactful,Failure,Unobservable Bottleneck (Telemetry Dropout),High,High,High,High,Unknown,Unknown,Unknown,Unknown,Low,Low,Low,Low,Severe inbound queueing and outbound collapse while saturation is entirely unknown,node_exporter or cgroup telemetry crash during critical CPU/memory exhaustion
+,1,Zero Impact,Healthy,Healthy Steady State,Normal,Normal,Normal,Normal,Normal,Normal,Normal,Normal,Normal,Normal,Normal,Normal,All metrics inside baseline quantiles,Nominal operating conditions
+,2,Zero Impact,Healthy,Healthy Load Scaling,High,High,Normal,Normal,Normal,Normal,Normal,Normal,High,High,Normal,Normal,Proportional out/in scaling without latency or error growth,Organic client traffic surge absorbed cleanly
+,3,Zero Impact,Healthy,Healthy Off-Peak Drop,Low,Low,Normal,Normal,Normal,Normal,Normal,Normal,Low,Low,Normal,Normal,Proportional traffic decline with stable latencies,Diurnal or scheduled off-peak traffic drop
+,15,Zero Impact,Healthy,Cache Hit Absorption,High,High,Low,Normal,Normal,Normal,Normal,Normal,Low,Low,Normal,Normal,High ingress with low egress and nominal latencies/errors,In-memory cache absorbing reads cleanly (e.g. Redis / CDN)
+,38,Zero Impact,Healthy,Ultra-Low Footprint Zero Idle,Normal,Normal,Low,Low,Low,Low,Low,Low,Normal,Normal,Low,Low,Metrics fully functional with saturation floor near 0% under lightweight async load,Efficient non-blocking event loop or runtime idling at true zero consumption
+,7,Zero Impact,Operational,Client Inactivity (Full Idle),Low,Low,Low,Low,Low,Low,Low,Low,Low,Low,Low,Low,All metrics idle down to baseline floor without errors,Clean cessation of incoming requests
+,16,Zero Impact,Operational,Async Queue / Worker Drain,Low,Low,Normal,Normal,High,Normal,High,Normal,High,High,Normal,Normal,Zero ingress traffic with high CPU and high outbound traffic,Background job processing Kafka consumer drain batch sync
+,34,Zero Impact,Operational,Target Drainage / Rolling Deploy,Low,Low,Normal,Low,Low,Low,Low,Low,Low,Low,Normal,Low,Clean linear decline of traffic without error spike during deployment cycle,Target group registration draining or pod termination grace period